Datetime,Water Level (m)
2025-11-19 12:00:00,-1.7531853
2025-11-19 13:00:00,-1.6447546
2025-11-19 14:00:00,-0.794025
2025-11-19 15:00:00,0.11925883
2025-11-19 16:00:00,1.0095695
2025-11-19 17:00:00,1.574301
2025-11-19 18:00:00,1.8563806
2025-11-19 19:00:00,1.7759056
2025-11-19 20:00:00,1.301812
2025-11-19 21:00:00,0.54633576
2025-11-19 22:00:00,-0.34130538
2025-11-19 23:00:00,-1.1729621
2025-11-20 00:00:00,-1.8109969
2025-11-20 01:00:00,-2.106131
2025-11-20 02:00:00,-1.5171921
2025-11-20 03:00:00,-0.49397013
2025-11-20 04:00:00,0.33068275
2025-11-20 05:00:00,0.9873964
2025-11-20 06:00:00,1.2566173
2025-11-20 07:00:00,1.2641909
2025-11-20 08:00:00,0.9433853
2025-11-20 09:00:00,0.33304268
2025-11-20 10:00:00,-0.4424238
2025-11-20 11:00:00,-1.2209493
2025-11-20 12:00:00,-1.8082323
2025-11-20 13:00:00,-2.1091154
2025-11-20 14:00:00,-1.4716307
2025-11-20 15:00:00,-0.3623452
2025-11-20 16:00:00,0.5997593
2025-11-20 17:00:00,1.3965092
2025-11-20 18:00:00,1.7862298
2025-11-20 19:00:00,1.8693917
2025-11-20 20:00:00,1.5731095
2025-11-20 21:00:00,0.9331535
2025-11-20 22:00:00,0.09422779
2025-11-20 23:00:00,-0.7584561
2025-11-21 00:00:00,-1.5678462
2025-11-21 01:00:00,-2.14082
2025-11-21 02:00:00,-2.0813026
2025-11-21 03:00:00,-1.148459
2025-11-21 04:00:00,-0.17643428
2025-11-21 05:00:00,0.6515956
2025-11-21 06:00:00,1.1327974
2025-11-21 07:00:00,1.2829794
2025-11-21 08:00:00,1.1149222
2025-11-21 09:00:00,0.63955235
2025-11-21 10:00:00,-0.05925905
2025-11-21 11:00:00,-0.85461235
2025-11-21 12:00:00,-1.5571215
2025-11-21 13:00:00,-1.9780607
2025-11-21 14:00:00,-1.9172678
2025-11-21 15:00:00,-0.91634
2025-11-21 16:00:00,0.08472569
2025-11-21 17:00:00,1.0140775
2025-11-21 18:00:00,1.6086454
2025-11-21 19:00:00,1.8862016
2025-11-21 20:00:00,1.7829851
2025-11-21 21:00:00,1.2999012
2025-11-21 22:00:00,0.564613
2025-11-21 23:00:00,-0.30257273
2025-11-22 00:00:00,-1.1318612
2025-11-22 01:00:00,-1.7978687
2025-11-22 02:00:00,-2.1483963
2025-11-22 03:00:00,-1.7120061
2025-11-22 04:00:00,-0.6700486
2025-11-22 05:00:00,0.17457804
2025-11-22 06:00:00,0.8601565
2025-11-22 07:00:00,1.170125
2025-11-22 08:00:00,1.1969577
2025-11-22 09:00:00,0.89267725
2025-11-22 10:00:00,0.29466042
2025-11-22 11:00:00,-0.42494652
2025-11-22 12:00:00,-1.1755849
2025-11-22 13:00:00,-1.7850043
2025-11-22 14:00:00,-2.0939307
2025-11-22 15:00:00,-1.5693896
2025-11-22 16:00:00,-0.49805927
2025-11-22 17:00:00,0.43915707
2025-11-22 18:00:00,1.2744536
2025-11-22 19:00:00,1.7145398
2025-11-22 20:00:00,1.832872
2025-11-22 21:00:00,1.5668964
2025-11-22 22:00:00,0.9601643
2025-11-22 23:00:00,0.16836217
2025-11-23 00:00:00,-0.6740203
2025-11-23 01:00:00,-1.4571731
2025-11-23 02:00:00,-1.9635458
2025-11-23 03:00:00,-2.082055
2025-11-23 04:00:00,-1.3123845
2025-11-23 05:00:00,-0.38937464
2025-11-23 06:00:00,0.36693573
2025-11-23 07:00:00,0.9240214
2025-11-23 08:00:00,1.1207244
2025-11-23 09:00:00,1.02314
2025-11-23 10:00:00,0.6094912
2025-11-23 11:00:00,-0.027689632
2025-11-23 12:00:00,-0.74091893
2025-11-23 13:00:00,-1.4050355
2025-11-23 14:00:00,-1.8599478
2025-11-23 15:00:00,-1.8689164
2025-11-23 16:00:00,-1.0942607
2025-11-23 17:00:00,-0.14774744
2025-11-23 18:00:00,0.7281601
2025-11-23 19:00:00,1.368049
2025-11-23 20:00:00,1.6705992
2025-11-23 21:00:00,1.6385556
2025-11-23 22:00:00,1.2264779
2025-11-23 23:00:00,0.5468514
2025-11-24 00:00:00,-0.26974916
2025-11-24 01:00:00,-1.0407401
2025-11-24 02:00:00,-1.7179002
2025-11-24 03:00:00,-2.0953083
2025-11-24 04:00:00,-1.8097042
2025-11-24 05:00:00,-0.9323176
2025-11-24 06:00:00,-0.13965242
2025-11-24 07:00:00,0.566069
2025-11-24 08:00:00,0.94858426
2025-11-24 09:00:00,1.0715655
2025-11-24 10:00:00,0.88472265
2025-11-24 11:00:00,0.4129751
2025-11-24 12:00:00,-0.22457185
2025-11-24 13:00:00,-0.88482463
2025-11-24 14:00:00,-1.488089
2025-11-24 15:00:00,-1.7481949
2025-11-24 16:00:00,-1.5292557
2025-11-24 17:00:00,-0.6589057
2025-11-24 18:00:00,0.19364808
2025-11-24 19:00:00,0.97383493
2025-11-24 20:00:00,1.4400314
2025-11-24 21:00:00,1.6292156
2025-11-24 22:00:00,1.4752967
2025-11-24 23:00:00,0.96877515
2025-11-25 00:00:00,0.2527996
2025-11-25 01:00:00,-0.5090377
2025-11-25 02:00:00,-1.2558289
2025-11-25 03:00:00,-1.7507619
2025-11-25 04:00:00,-1.8492801
2025-11-25 05:00:00,-1.3902451
2025-11-25 06:00:00,-0.59834063
2025-11-25 07:00:00,0.10264547
2025-11-25 08:00:00,0.66558504
2025-11-25 09:00:00,0.97127897
2025-11-25 10:00:00,1.0290352
2025-11-25 11:00:00,0.79045004
2025-11-25 12:00:00,0.30134106
